{"survey":{"id":"1584585737784","len":7,"questions":[{"type":"single","question":"Your gender？","options":[{"1":"male"},{"2":"female"}]},{"type":"single","question":"Your grade？","options":[{"1":"大一"},{"2":"大二"},{"3":"大三"}]},{"type":"single","question":"在校期间月消费？","options":[{"1":"600-1000"},{"2":"1000-1500"},{"3":"1500-2000"},{"4":"2000以上"}]},{"type":"multiple","question":"生活费来源？","options":[{"1":"家庭"},{"2":"兼职"},{"3":"其他"}]},{"type":"single","question":"Your way to shop?","options":[{"1":"physical store"},{"2":"online"}]},{"type":"multiple","question":"Where do you spend your money","options":[{"1":"伙食"},{"2":"交通"},{"3":"衣物"},{"4":"生活用品"}]},{"type":"edittext","question":"Do you have any suggestions?","options":[]}]}}