{"survey":{"id":"1584582707266","len":5,"questions":[{"type":"single","question":"Have you ever made a survey?","options":[{"1":"yes"},{"2":"no"}]},{"type":"single","question":"How do you like making surveys","options":[{"1":"it's ok"},{"2":"don't like it"},{"3":"hate it"}]},{"type":"single","question":"How many surveys have you made?","options":[{"1":"none"},{"2":"less than 10"},{"3":"more than 10"}]},{"type":"multiple","question":"Which kind of question do you like?","options":[{"1":"single choice"},{"2":"checkbox"},{"3":"edittext"}]},{"type":"edittext","question":"Do you have suggestions to our website?","options":[]}]}}